<?xml version="1.0"?>
<archive xmlns="http://rs.tdwg.org/dwc/text/" xmlns:xsi="http://www.w3.org/2001/XMLSchema-instance" xsi:schemaLocation="http://rs.tdwg.org/dwc/text/  http://services.eol.org/schema/dwca/tdwg_dwc_text.xsd">
  <table encoding="UTF-8" fieldsTerminatedBy="\t" linesTerminatedBy="\n" ignoreHeaderLines="0" rowType="http://rs.tdwg.org/dwc/terms/Taxon">
    <files>
      <location>fish_taxon_1.txt</location>
    </files>
    <field index="0" term="http://rs.tdwg.org/dwc/terms/taxonID"/>
    <field index="1" term="http://rs.tdwg.org/dwc/terms/scientificName"/>
    <field index="2" term="http://rs.tdwg.org/dwc/terms/parentNameUsageID"/>
  </table>
  <table encoding="UTF-8" fieldsTerminatedBy="\t" linesTerminatedBy="\n" ignoreHeaderLines="0" rowType="http://rs.tdwg.org/dwc/terms/MeasurementOrFact">
    <files>
      <location>fish_measurement.txt</location>
    </files>
    <field index="0" term="http://rs.tdwg.org/dwc/terms/measurementID"/>
    <field index="1" term="http://rs.tdwg.org/dwc/terms/occurrenceID"/>
    <field index="2" term="http://eol.org/schema/parentMeasurementID"/>
    <field index="3" term="http://eol.org/schema/measurementOfTaxon"/>
    <field index="4" term="http://rs.tdwg.org/dwc/terms/measurementType"/>
    <field index="5" term="http://rs.tdwg.org/dwc/terms/measurementValue"/>
    <field index="6" term="http://rs.tdwg.org/dwc/terms/measurementUnit"/>
    <field index="7" term="http://eol.org/schema/terms/statisticalMethod"/>
    <field index="8" term="http://purl.org/dc/terms/source"/>
  </table>
  <table encoding="UTF-8" fieldsTerminatedBy="\t" linesTerminatedBy="\n" ignoreHeaderLines="0" rowType="http://rs.tdwg.org/dwc/terms/Occurrence">
    <files>
      <location>fish_occurrences.txt</location>
    </files>
    <field index="0" term="http://rs.tdwg.org/dwc/terms/occurrenceID"/>
    <field index="1" term="http://rs.tdwg.org/dwc/terms/taxonID"/>
    <field index="2" term="http://rs.tdwg.org/dwc/terms/sex"/>
    <field index="3" term="http://rs.tdwg.org/dwc/terms/occurrenceRemarks"/>
    <field index="4" term="http://rs.tdwg.org/dwc/terms/lifeStage"/>
    <field index="5" term="http://rs.tdwg.org/dwc/terms/locality"/>
  </table>
</archive>
